,team_id,player_id,full_name,role
0,1,8469500,Michael Cammalleri,Forward
1,1,8469707,PA Parenteau,Forward
2,1,8469759,Vernon Fiddler,Forward
3,1,8470724,Kyle Quincey,Defenseman
4,1,8471233,Travis Zajac,Forward
5,1,8472382,Andy Greene,Defenseman
6,1,8473933,Ben Lovejoy,Defenseman
7,1,8473989,Luke Gazdic,Forward
8,1,8474641,Adam Henrique,Forward
9,1,8474774,Dalton Prout,Defenseman
10,1,8475151,Kyle Palmieri,Forward
11,1,8475185,Jacob Josefson,Forward
12,1,8475186,John Moore,Defenseman
13,1,8475274,Seth Helgeson,Defenseman
14,1,8475750,Jon Merrill,Defenseman
15,1,8475758,Devante Smith-Pelly,Forward
16,1,8475761,Beau Bennett,Forward
17,1,8475791,Taylor Hall,Forward
18,1,8476370,Blake Pietila,Forward
19,1,8476399,Blake Coleman,Forward
20,1,8476423,Reid Boucher,Forward
21,1,8476474,Stefan Noesen,Forward
22,1,8476526,Ben Thomson,Forward
23,1,8476798,Karl Stollery,Defenseman
24,1,8476923,Damon Severson,Defenseman
25,1,8477010,Joseph Blandisi,Forward
26,1,8477425,Miles Wood,Forward
27,1,8477961,John Quenneville,Forward
28,1,8478401,Pavel Zacha,Forward
29,1,8478480,Blake Speers,Forward
30,1,8478566,Sergey Kalinin,Forward
31,1,8479250,Nick Lappin,Forward
32,1,8479291,Kevin Rooney,Forward
33,1,8479483,Yohann Auvitu,Defenseman
34,1,8471239,Cory Schneider,Goalie
35,1,8476234,Keith Kinkaid,Goalie
36,2,8466251,Jason Chimera,Forward
37,2,8469619,Dennis Seidenberg,Defenseman
38,2,8470187,Johnny Boychuk,Defenseman
39,2,8471217,Andrew Ladd,Forward
40,2,8472410,Stephen Gionta,Forward
41,2,8473504,Cal Clutterbuck,Forward
42,2,8473579,Nikolay Kulemin,Forward
43,2,8474066,Thomas Hickey,Defenseman
44,2,8474573,Josh Bailey,Forward
45,2,8474612,Travis Hamonic,Defenseman
46,2,8475166,John Tavares,Forward
47,2,8475177,Calvin de Haan,Defenseman
48,2,8475181,Nick Leddy,Defenseman
49,2,8475231,Casey Cizikas,Forward
50,2,8475314,Anders Lee,Forward
51,2,8475754,Brock Nelson,Forward
52,2,8476386,Shane Prince,Forward
53,2,8476409,Alan Quine,Forward
54,2,8476429,Scott Mayfield,Defenseman
55,2,8476458,Ryan Strome,Forward
56,2,8476917,Adam Pelech,Defenseman
57,2,8477506,Ryan Pulock,Defenseman
58,2,8477881,Connor Jones,Forward
59,2,8477959,Joshua Ho-Sang,Forward
60,2,8478445,Mathew Barzal,Forward
61,2,8478463,Anthony Beauvillier,Forward
62,2,8470860,Jaroslav Halak,Goalie
63,2,8471306,Thomas Greiss,Goalie
64,2,8475234,J-F Berube,Goalie
65,3,8470041,Rick Nash,Forward
66,3,8470630,Kevin Klein,Defenseman
67,3,8470854,Tanner Glass,Forward
68,3,8471686,Marc Staal,Defenseman
69,3,8471958,Dan Girardi,Defenseman
70,3,8473546,Michael Grabner,Forward
71,3,8474000,Steven Kampfer,Defenseman
72,3,8474090,Brendan Smith,Defenseman
73,3,8474151,Ryan McDonagh,Defenseman
74,3,8474207,Nick Holden,Defenseman
75,3,8474613,Derek Stepan,Forward
76,3,8475184,Chris Kreider,Forward
77,3,8475192,Taylor Beck,Forward
78,3,8475204,Brandon Pirri,Forward
79,3,8475692,Mats Zuccarello,Forward
80,3,8475715,Oscar Lindberg,Forward
81,3,8475763,Kevin Hayes,Forward
82,3,8475795,Dylan McIlrath,Defenseman
83,3,8475855,Jesper Fast,Forward
84,3,8475949,Marek Hrivik,Forward
85,3,8476431,Adam Clendening,Defenseman
86,3,8476459,Mika Zibanejad,Forward
87,3,8476468,J.T. Miller,Forward
88,3,8476477,Matt Puempel,Forward
89,3,8476482,Nicklas Jensen,Forward
90,3,8476869,Brady Skjei,Defenseman
91,3,8476918,Jimmy Vesey,Forward
92,3,8476922,Boo Nieves,Forward
93,3,8477402,Pavel Buchnevich,Forward
94,3,8477591,Josh Jooris,Forward
95,3,8468685,Henrik Lundqvist,Goalie
96,3,8476433,Magnus Hellberg,Goalie
97,3,8477293,Antti Raanta,Goalie
98,4,8468309,Mark Streit,Defenseman
99,4,8468513,Nick Schultz,Defenseman
100,4,8470047,Valtteri Filppula,Forward
101,4,8470159,Boyd Gordon,Forward
102,4,8470644,Colin McDonald,Forward
103,4,8471762,Chris VandeVelde,Forward
104,4,8473512,Claude Giroux,Forward
105,4,8473584,Andrew MacDonald,Defenseman
106,4,8474190,Wayne Simmonds,Forward
107,4,8474584,Michael Del Zotto,Defenseman
108,4,8474668,Dale Weise,Forward
109,4,8475170,Brayden Schenn,Forward
110,4,8475430,Brandon Manning,Defenseman
111,4,8475462,Radko Gudas,Defenseman
112,4,8475738,Jordan Weal,Forward
113,4,8476177,Matt Read,Forward
114,4,8476393,Nick Cousins,Forward
115,4,8476461,Sean Couturier,Forward
116,4,8476872,Scott Laughton,Forward
117,4,8476906,Shayne Gostisbehere,Defenseman
118,4,8476955,Taylor Leier,Forward
119,4,8477290,Michael Raffl,Forward
120,4,8477462,Robert Hagg,Defenseman
121,4,8477502,Samuel Morin,Forward
122,4,8477930,Pierre-Edouard Bellemare,Forward
123,4,8478439,Travis Konecny,Forward
124,4,8478500,Ivan Provorov,Defenseman
125,4,8479648,Roman Lyubimov,Forward
126,4,8480087,Mike Vecchione,Forward
127,4,8473607,Michal Neuvirth,Goalie
128,4,8476932,Anthony Stolarz,Goalie
129,5,8464989,Matt Cullen,Forward
130,5,8468493,Ron Hainsey,Defenseman
131,5,8470110,Trevor Daley,Defenseman
132,5,8470543,Chris Kunitz,Forward
133,5,8470611,Eric Fehr,Forward
134,5,8471215,Evgeni Malkin,Forward
135,5,8471331,Kevin Porter,Forward
136,5,8471675,Sidney Crosby,Forward
137,5,8471724,Kris Letang,Defenseman
138,5,8471887,Patric Hornqvist,Forward
139,5,8473542,Tom Sestito,Forward
140,5,8473548,Phil Kessel,Forward
141,5,8474009,Nick Bonino,Forward
142,5,8474013,Ian Cole,Defenseman
143,5,8474176,Carl Hagelin,Forward
144,5,8474602,Justin Schultz,Defenseman
145,5,8474611,Cameron Gaunce,Defenseman
146,5,8474660,David Warsofsky,Defenseman
147,5,8475208,Brian Dumoulin,Defenseman
148,5,8475810,Bryan Rust,Forward
149,5,8475832,Tom Kuhnhackl,Forward
150,5,8476162,Steve Oleksy,Defenseman
151,5,8476293,Scott Wilson,Forward
152,5,8476302,Frank Corrado,Defenseman
153,5,8476326,Josh Archibald,Forward
154,5,8476874,Olli Maatta,Defenseman
155,5,8476884,Derrick Pouliot,Defenseman
156,5,8476897,Oskar Sundqvist,Forward
157,5,8477240,Carter Rowney,Forward
158,5,8477244,Chad Ruhwedel,Defenseman
159,5,8477404,Jake Guentzel,Forward
160,5,8477520,Jean-Sebastien Dea,Forward
161,5,8477839,Conor Sheary,Forward
162,5,8478866,Dominik Simon,Forward
163,5,8470594,Marc-Andre Fleury,Goalie
164,5,8476899,Matt Murray,Goalie
165,5,8477237,Mike Condon,Goalie
166,5,8477465,Tristan Jarry,Goalie
167,6,8465009,Zdeno Chara,Defenseman
168,6,8468575,Dominic Moore,Forward
169,6,8468639,John-Michael Liles,Defenseman
170,6,8470638,Patrice Bergeron,Forward
171,6,8470655,David Backes,Forward
172,6,8471226,Drew Stafford,Forward
173,6,8471276,David Krejci,Forward
174,6,8471717,Adam McQuaid,Defenseman
175,6,8473419,Brad Marchand,Forward
176,6,8473492,Matt Beleskey,Forward
177,6,8474062,Riley Nash,Forward
178,6,8474625,Jimmy Hayes,Forward
179,6,8475727,Ryan Spooner,Forward
180,6,8476191,Kevan Miller,Defenseman
181,6,8476303,Rob O'Gara,Defenseman
182,6,8476374,Sean Kuraly,Forward
183,6,8476476,Joe Morrow,Defenseman
184,6,8476525,Colin Miller,Defenseman
185,6,8476792,Torey Krug,Defenseman
186,6,8476891,Matt Grzelcyk,Defenseman
187,6,8477213,Tim Schaller,Forward
188,6,8477320,Anton Blidh,Forward
189,6,8477417,Peter Cehlarik,Forward
190,6,8477956,David Pastrnak,Forward
191,6,8478046,Danton Heinen,Forward
192,6,8478366,Frank Vatrano,Forward
193,6,8478417,Jakob Forsbacka Karlsson,Forward
194,6,8478443,Brandon Carlo,Defenseman
195,6,8478512,Austin Czarnik,Forward
196,6,8478569,Noel Acciari,Forward
197,6,8479325,Charlie McAvoy,Defenseman
198,6,8471418,Anton Khudobin,Goalie
199,6,8471695,Tuukka Rask,Goalie
200,6,8475876,Zane McIntyre,Goalie
201,6,8476876,Malcolm Subban,Goalie
202,7,8467407,Brian Gionta,Forward
203,7,8470324,Josh Gorges,Defenseman
204,7,8471742,Cody Franson,Defenseman
205,7,8471811,Cal O'Reilly,Forward
206,7,8473449,Kyle Okposo,Forward
207,7,8473992,Justin Falk,Defenseman
208,7,8474567,Zach Bogosian,Defenseman
209,7,8474589,Tyler Ennis,Forward
210,7,8474683,Derek Grant,Forward
211,7,8475158,Ryan O'Reilly,Forward
212,7,8475169,Evander Kane,Forward
213,7,8475179,Dmitry Kulikov,Defenseman
214,7,8475220,Marcus Foligno,Forward
215,7,8475235,Nicolas Deslauriers,Forward
216,7,8475728,Johan Larsson,Forward
217,7,8475982,Erik Burgdoerfer,Defenseman
218,7,8476166,Taylor Fedun,Defenseman
219,7,8476766,Cole Schneider,Forward
220,7,8476878,Zemgus Girgensons,Forward
221,7,8476931,Jake McCabe,Defenseman
222,7,8477041,Brady Austin,Defenseman
223,7,8477391,Sean Malone,Forward
224,7,8477392,Hudson Fasching,Forward
225,7,8477473,Justin Bailey,Forward
226,7,8477478,William Carrier,Forward
227,7,8477491,Nick Baptiste,Forward
228,7,8477499,Rasmus Ristolainen,Defenseman
229,7,8477933,Sam Reinhart,Forward
230,7,8478403,Jack Eichel,Forward
231,7,8478425,Brendan Guhle,Defenseman
232,7,8478542,Evan Rodrigues,Forward
233,7,8479268,Casey Nelson,Defenseman
234,7,8479423,Alex Nylander,Forward
235,7,8480083,C.J. Smith,Forward
236,7,8475215,Robin Lehner,Goalie
237,7,8476999,Linus Ullmark,Goalie
238,8,8467496,Andrei Markov,Defenseman
239,8,8468505,Steve Ott,Forward
240,8,8469521,Tomas Plekanec,Forward
241,8,8470642,Shea Weber,Defenseman
242,8,8471228,Alexander Radulov,Forward
243,8,8471296,Alexei Emelin,Defenseman
244,8,8471338,Torrey Mitchell,Forward
245,8,8471976,David Desharnais,Forward
246,8,8473507,Jeff Petry,Defenseman
247,8,8474038,Paul Byron,Forward
248,8,8474052,Chris Terry,Forward
249,8,8474100,Dwight King,Forward
250,8,8474157,Max Pacioretty,Forward
251,8,8474688,Greg Pateryn,Defenseman
252,8,8474717,Mark Barberio,Defenseman
253,8,8474743,Zach Redmond,Defenseman
254,8,8474818,Jordie Benn,Defenseman
255,8,8475848,Brendan Gallagher,Forward
256,8,8475869,Brandon Davidson,Defenseman
257,8,8476300,Nikita Nesterov,Defenseman
258,8,8476381,Andrew Shaw,Forward
259,8,8476470,Nathan Beaulieu,Defenseman
260,8,8476479,Phillip Danault,Forward
261,8,8476769,Bobby Farnham,Forward
262,8,8476808,Brian Flynn,Forward
263,8,8476851,Alex Galchenyuk,Forward
264,8,8476948,Charles Hudon,Forward
265,8,8477413,Sven Andrighetto,Forward
266,8,8477446,Michael McCarron,Forward
267,8,8477455,Jacob de la Rose,Forward
268,8,8477476,Artturi Lehkonen,Forward
269,8,8477810,Joel Hanley,Defenseman
270,8,8477901,Daniel Carr,Forward
271,8,8477957,Nikita Scherbak,Forward
272,8,8478004,Brett Lernout,Defenseman
273,8,8478561,Andreas Martinsen,Forward
274,8,8478963,Ryan Johnston,Defenseman
275,8,8479410,Mikhail Sergachev,Defenseman
276,8,8471219,Al Montoya,Goalie
277,8,8471679,Carey Price,Goalie
278,8,8479292,Charlie Lindgren,Goalie
279,9,8467493,Chris Neil,Forward
280,9,8467967,Chris Kelly,Forward
281,9,8470358,Alexandre Burrows,Forward
282,9,8470602,Dion Phaneuf,Defenseman
283,9,8470667,Clarke MacArthur,Forward
284,9,8470760,Marc Methot,Defenseman
285,9,8471663,Mike Blunden,Forward
286,9,8471676,Bobby Ryan,Forward
287,9,8471768,Tom Pyatt,Forward
288,9,8473537,Viktor Stalberg,Forward
289,9,8473544,Derick Brassard,Forward
290,9,8474018,Christopher DiDomenico,Forward
291,9,8474068,Kyle Turris,Forward
292,9,8474250,Zack Smith,Forward
293,9,8474578,Erik Karlsson,Defenseman
294,9,8474697,Mark Borowiecki,Defenseman
295,9,8474739,Tommy Wingels,Forward
296,9,8474884,Mike Hoffman,Forward
297,9,8475227,Chris Wideman,Defenseman
298,9,8475321,Phil Varone,Forward
299,9,8475913,Mark Stone,Forward
300,9,8476279,Jyrki Jokipakka,Defenseman
301,9,8476288,Ryan Dzingel,Forward
302,9,8476323,Max McCormick,Forward
303,9,8476368,Fredrik Claesson,Defenseman
304,9,8476419,Jean-Gabriel Pageau,Forward
305,9,8476879,Cody Ceci,Defenseman
306,9,8477210,Buddy Robinson,Forward
307,9,8477426,Nicholas Paul,Forward
308,9,8477433,Ben Harpur,Defenseman
309,9,8477508,Curtis Lazar,Forward
310,9,8477971,Andreas Englund,Defenseman
311,9,8478376,Casey Bailey,Forward
312,9,8478400,Colin White,Forward
313,9,8478469,Thomas Chabot,Defenseman
314,9,8467950,Craig Anderson,Goalie
315,9,8476904,Chris Driedger,Goalie
316,9,8477202,Andrew Hammond,Goalie
317,10,8470599,Milan Michalek,Forward
318,10,8470619,Brian Boyle,Forward
319,10,8471392,Roman Polak,Defenseman
320,10,8471436,Matt Hunwick,Defenseman
321,10,8473463,Leo Komarov,Forward
322,10,8474037,James van Riemsdyk,Forward
323,10,8474581,Jake Gardiner,Defenseman
324,10,8474709,Matt Martin,Forward
325,10,8474727,Ben Smith,Forward
326,10,8475098,Tyler Bozak,Forward
327,10,8475172,Nazem Kadri,Forward
328,10,8475278,Byron Froese,Forward
329,10,8475716,Martin Marincin,Defenseman
330,10,8475786,Zach Hyman,Forward
331,10,8476289,Alexey Marchenko,Defenseman
332,10,8476410,Josh Leivo,Forward
333,10,8476495,Seth Griffith,Forward
334,10,8476853,Morgan Rielly,Defenseman
335,10,8476941,Connor Carrick,Defenseman
336,10,8477015,Connor Brown,Forward
337,10,8477512,Frederik Gauthier,Forward
338,10,8477939,William Nylander,Forward
339,10,8477953,Kasperi Kapanen,Forward
340,10,8478373,Nikita Soshnikov,Forward
341,10,8478483,Mitchell Marner,Forward
342,10,8479318,Auston Matthews,Forward
343,10,8479458,Nikita Zaitsev,Defenseman
344,10,8470147,Curtis McElhinney,Goalie
345,10,8473523,Jhonas Enroth,Goalie
346,10,8475883,Frederik Andersen,Goalie
347,10,8477312,Antoine Bibeau,Goalie
348,12,8469508,Jay McClement,Forward
349,12,8470740,Lee Stempniak,Forward
350,12,8471254,Bryan Bickell,Forward
351,12,8473533,Jordan Staal,Forward
352,12,8475250,Andrej Nestrasil,Forward
353,12,8475753,Justin Faulk,Defenseman
354,12,8475784,Jeff Skinner,Forward
355,12,8475807,Joakim Nordstrom,Forward
356,12,8476403,Klas Dahlbeck,Defenseman
357,12,8476427,Ty Rattie,Forward
358,12,8476437,Victor Rask,Forward
359,12,8476465,Ryan Murphy,Defenseman
360,12,8476807,Matt Tennyson,Defenseman
361,12,8476858,Phillip Di Giuseppe,Forward
362,12,8476882,Teuvo Teravainen,Forward
363,12,8476924,Martin Frk,Forward
364,12,8476934,Brock McGinn,Forward
365,12,8476958,Jaccob Slavin,Defenseman
366,12,8477458,Valentin Zykov,Forward
367,12,8477488,Brett Pesce,Defenseman
368,12,8477496,Elias Lindholm,Forward
369,12,8477566,Sergey Tolchinsky,Forward
370,12,8477887,Patrick Brown,Forward
371,12,8478027,Lucas Wallmark,Forward
372,12,8478396,Noah Hanifin,Defenseman
373,12,8478427,Sebastian Aho,Forward
374,12,8478562,Jakub Nakladal,Defenseman
375,12,8478585,Derek Ryan,Forward
376,12,8479249,Andrew Poturalski,Forward
377,12,8470320,Cam Ward,Goalie
378,12,8475663,Eddie Lack,Goalie
379,12,8477968,Alex Nedeljkovic,Goalie
380,13,8448208,Jaromir Jagr,Forward
381,13,8465978,Shawn Thornton,Forward
382,13,8468001,Derek MacKenzie,Forward
383,13,8469638,Jussi Jokinen,Forward
384,13,8470598,Thomas Vanek,Forward
385,13,8471693,Jakub Kindl,Defenseman
386,13,8471735,Keith Yandle,Defenseman
387,13,8474098,Colton Sceviour,Forward
388,13,8474218,Jason Demers,Defenseman
389,13,8475191,Reilly Smith,Forward
390,13,8475597,Shane Harper,Forward
391,13,8475735,Greg McKegg,Forward
392,13,8475755,Alexander Petrovic,Defenseman
393,13,8475760,Nick Bjugstad,Forward
394,13,8475796,Mark Pysyk,Defenseman
395,13,8475958,Michael Sgarbossa,Forward
396,13,8476200,Paul Thompson,Forward
397,13,8476389,Vincent Trocheck,Forward
398,13,8476415,Kyle Rau,Forward
399,13,8476456,Jonathan Huberdeau,Forward
400,13,8476539,Jonathan Marchessault,Forward
401,13,8476875,Mike Matheson,Defenseman
402,13,8477346,MacKenzie Weegar,Defenseman
403,13,8477452,Ian McCoshen,Defenseman
404,13,8477493,Aleksander Barkov,Forward
405,13,8477932,Aaron Ekblad,Defenseman
406,13,8477955,Jared McCann,Forward
407,13,8478843,Denis Malgin,Forward
408,13,8466141,Roberto Luongo,Goalie
409,13,8473499,Reto Berra,Goalie
410,13,8473503,James Reimer,Goalie
411,14,8470601,Braydon Coburn,Defenseman
412,14,8471339,Ryan Callahan,Forward
413,14,8471873,Anton Stralman,Defenseman
414,14,8473588,Erik Condra,Forward
415,14,8473986,Alex Killorn,Forward
416,14,8474564,Steven Stamkos,Forward
417,14,8474722,Luke Witkowski,Defenseman
418,14,8474870,Tyler Johnson,Forward
419,14,8475167,Victor Hedman,Defenseman
420,14,8475254,Gabriel Dumont,Forward
421,14,8475739,Michael Bournival,Forward
422,14,8476195,Cory Conacher,Forward
423,14,8476285,Matthew Peca,Forward
424,14,8476292,Ondrej Palat,Forward
425,14,8476453,Nikita Kucherov,Forward
426,14,8476480,Vladislav Namestnikov,Forward
427,14,8476806,JT Brown,Forward
428,14,8476826,Yanni Gourde,Forward
429,14,8476886,Slater Koekkoek,Defenseman
430,14,8476911,Tanner Richard,Forward
431,14,8476975,Cedric Paquette,Forward
432,14,8477009,Jake Dotchin,Defenseman
433,14,8477205,Andrej Sustr,Defenseman
434,14,8477326,Joel Vermin,Forward
435,14,8477454,Adam Erne,Forward
436,14,8477494,Jonathan Drouin,Forward
437,14,8478010,Brayden Point,Forward
438,14,8469514,Peter Budaj,Goalie
439,14,8476883,Andrei Vasilevskiy,Goalie
440,15,8468498,Brooks Orpik,Defenseman
441,15,8468508,Justin Williams,Forward
442,15,8471214,Alex Ovechkin,Forward
443,15,8471476,Daniel Winnik,Forward
444,15,8471698,T.J. Oshie,Forward
445,15,8471702,Matt Niskanen,Defenseman
446,15,8471710,Taylor Chorney,Defenseman
447,15,8473563,Nicklas Backstrom,Forward
448,15,8473991,Karl Alzner,Defenseman
449,15,8474008,Paul Carey,Forward
450,15,8474031,Kevin Shattenkirk,Defenseman
451,15,8474189,Lars Eller,Forward
452,15,8474291,Jay Beagle,Forward
453,15,8474590,John Carlson,Defenseman
454,15,8474604,Aaron Ness,Defenseman
455,15,8475149,Marcus Johansson,Forward
456,15,8475200,Dmitry Orlov,Defenseman
457,15,8475291,Garrett Mitchell,Forward
458,15,8475744,Evgeny Kuznetsov,Forward
459,15,8475792,Brett Connolly,Forward
460,15,8476880,Tom Wilson,Forward
461,15,8476905,Chandler Stephenson,Forward
462,15,8477003,Riley Barber,Forward
463,15,8477070,Liam O'Brien,Forward
464,15,8477220,Nate Schmidt,Defenseman
465,15,8477444,Andre Burakovsky,Forward
466,15,8477482,Zach Sanford,Forward
467,15,8477944,Jakub Vrana,Forward
468,15,8474651,Braden Holtby,Goalie
469,15,8475831,Philipp Grubauer,Goalie
470,16,8465058,Michal Rozsival,Defenseman
471,16,8466148,Marian Hossa,Forward
472,16,8466285,Brian Campbell,Defenseman
473,16,8469547,Jordin Tootoo,Forward
474,16,8469665,Johnny Oduya,Defenseman
475,16,8470281,Duncan Keith,Defenseman
476,16,8471769,Niklas Hjalmarsson,Defenseman
477,16,8471956,Andrew Desjardins,Forward
478,16,8473573,Artem Anisimov,Forward
479,16,8473604,Jonathan Toews,Forward
480,16,8474141,Patrick Kane,Forward
481,16,8475209,Richard Panik,Forward
482,16,8475323,Marcus Kruger,Forward
483,16,8476430,Tomas Jurco,Forward
484,16,8476805,Spencer Abbott,Forward
485,16,8476994,Vinnie Hinostroza,Forward
486,16,8477353,Tyler Motte,Forward
487,16,8477401,John Hayden,Forward
488,16,8477451,Ryan Hartman,Forward
489,16,8477845,Trevor van Riemsdyk,Defenseman
490,16,8477929,Dennis Rasmussen,Forward
491,16,8477951,Nick Schmaltz,Forward
492,16,8478055,Gustav Forsling,Defenseman
493,16,8478528,Tanner Kero,Forward
494,16,8478550,Artemi Panarin,Forward
495,16,8479482,Michal Kempny,Defenseman
496,16,8470645,Corey Crawford,Goalie
497,16,8474152,Scott Darling,Goalie
498,17,8468083,Henrik Zetterberg,Forward
499,17,8468509,Niklas Kronwall,Defenseman
500,17,8470144,Frans Nielsen,Forward
501,17,8470318,Jonathan Ericsson,Defenseman
502,17,8470778,Drew Miller,Forward
503,17,8471242,Mike Green,Defenseman
504,17,8471716,Justin Abdelkader,Forward
505,17,8471794,Darren Helm,Forward
506,17,8474679,Gustav Nyquist,Forward
507,17,8474873,Brian Lashoff,Defenseman
508,17,8475193,Tomas Tatar,Forward
509,17,8475296,Mitch Callahan,Forward
510,17,8475324,Nick Jensen,Defenseman
511,17,8475772,Riley Sheahan,Forward
512,17,8476043,Ben Street,Forward
513,17,8476418,Robbie Russo,Defenseman
514,17,8476443,Xavier Ouellet,Defenseman
515,17,8476450,Ryan Sproul,Defenseman
516,17,8476822,Luke Glendening,Forward
517,17,8476960,Andreas Athanasiou,Forward
518,17,8477215,Danny DeKeyser,Defenseman
519,17,8477479,Tyler Bertuzzi,Forward
520,17,8477511,Anthony Mantha,Forward
521,17,8477931,Tomas Nosek,Forward
522,17,8477946,Dylan Larkin,Forward
523,17,8478371,Matt Lorito,Forward
524,17,8478431,Evgeny Svechnikov,Forward
525,17,8479252,Dan Renouf,Defenseman
526,17,8470657,Jimmy Howard,Goalie
527,17,8475852,Petr Mrazek,Goalie
528,17,8477225,Jared Coreau,Goalie
529,18,8467370,Mike Fisher,Forward
530,18,8467371,Mike Ribeiro,Forward
531,18,8470640,Matt Carle,Defenseman
532,18,8471385,Adam Pardy,Defenseman
533,18,8471657,Cody McLeod,Forward
534,18,8471707,James Neal,Forward
535,18,8471760,Cody Bass,Forward
536,18,8473942,Trevor Smith,Forward
537,18,8474056,P.K. Subban,Defenseman
538,18,8474134,Yannick Weber,Defenseman
539,18,8474569,Colin Wilson,Forward
540,18,8474600,Roman Josi,Defenseman
541,18,8475176,Ryan Ellis,Defenseman
542,18,8475218,Mattias Ekholm,Defenseman
543,18,8475225,Craig Smith,Forward
544,18,8475436,Mike Liambas,Forward
545,18,8475625,Matt Irwin,Defenseman
546,18,8475714,Calle Jarnkrok,Forward
547,18,8475766,Austin Watson,Forward
548,18,8475774,Petter Granberg,Defenseman
549,18,8475793,Ryan Johansen,Forward
550,18,8475868,Anthony Bitetto,Defenseman
551,18,8476158,Harry Zolnierczyk,Forward
552,18,8476447,Miikka Salomaki,Forward
553,18,8476779,Brad Hunt,Defenseman
554,18,8476857,Pontus Aberg,Forward
555,18,8476887,Filip Forsberg,Forward
556,18,8476925,Colton Sissons,Forward
557,18,8477919,Frederick Gaudreau,Forward
558,18,8477942,Kevin Fiala,Forward
559,18,8477973,Vladislav Kamenev,Forward
560,18,8478042,Viktor Arvidsson,Forward
561,18,8478851,Alexandre Carrier,Defenseman
562,18,8471469,Pekka Rinne,Goalie
563,18,8476992,Marek Mazanec,Goalie
564,18,8477424,Juuse Saros,Goalie
565,19,8470105,Scottie Upshall,Forward
566,19,8470151,Jay Bouwmeester,Defenseman
567,19,8470257,Alexander Steen,Forward
568,19,8470803,Kyle Brodziak,Forward
569,19,8471669,Paul Stastny,Forward
570,19,8471743,Vladimir Sobotka,Forward
571,19,8471761,Chris Butler,Defenseman
572,19,8471817,Ryan Reaves,Forward
573,19,8473534,Patrik Berglund,Forward
574,19,8474102,David Perron,Forward
575,19,8474125,Carl Gunnarsson,Defenseman
576,19,8474145,Robert Bortuzzo,Defenseman
577,19,8474565,Alex Pietrangelo,Defenseman
578,19,8474627,Jori Lehtera,Forward
579,19,8475175,Magnus Paajarvi,Forward
580,19,8475263,Wade Megan,Forward
581,19,8475765,Vladimir Tarasenko,Forward
582,19,8475768,Jaden Schwartz,Forward
583,19,8475844,Kenny Agostino,Forward
584,19,8476436,Dmitrij Jaskin,Forward
585,19,8476441,Joel Edmundson,Defenseman
586,19,8476855,Nail Yakupov,Forward
587,19,8476877,Jordan Schmaltz,Defenseman
588,19,8476892,Colton Parayko,Defenseman
589,19,8476989,Petteri Lindbohm,Defenseman
590,19,8477952,Robby Fabbri,Forward
591,19,8477964,Ivan Barbashev,Forward
592,19,8474596,Jake Allen,Goalie
593,19,8475622,Carter Hutton,Goalie
594,19,8477831,Pheonix Copley,Goalie
595,20,8468674,Deryk Engelland,Defenseman
596,20,8469770,Dennis Wideman,Defenseman
597,20,8470162,Matt Stajan,Forward
598,20,8470966,Mark Giordano,Defenseman
599,20,8471269,Nicklas Grossmann,Defenseman
600,20,8471346,Kris Versteeg,Forward
601,20,8471426,Troy Brouwer,Forward
602,20,8473564,Michael Frolik,Forward
603,20,8474150,Mikael Backlund,Forward
604,20,8474628,Michael Stone,Defenseman
605,20,8474642,Lance Bouma,Forward
606,20,8474673,TJ Brodie,Defenseman
607,20,8474749,Matt Bartkowski,Defenseman
608,20,8475163,Alex Chiasson,Forward
609,20,8475223,Linden Vey,Forward
610,20,8475878,Freddie Hamilton,Forward
611,20,8475907,Micheal Ferland,Forward
612,20,8476346,Johnny Gaudreau,Forward
613,20,8476452,Tyler Wotherspoon,Defenseman
614,20,8476462,Dougie Hamilton,Defenseman
615,20,8476873,Mark Jankowski,Forward
616,20,8476967,Brett Kulak,Defenseman
617,20,8477445,Hunter Shinkaruk,Forward
618,20,8477497,Sean Monahan,Forward
619,20,8477903,Garnet Hathaway,Forward
620,20,8477935,Sam Bennett,Forward
621,20,8478397,Rasmus Andersson,Defenseman
622,20,8479314,Matthew Tkachuk,Forward
623,20,8470880,Brian Elliott,Goalie
624,20,8473434,Chad Johnson,Goalie
625,20,8476903,Jon Gillies,Goalie
626,20,8479496,David Rittich,Goalie
627,21,8462042,Jarome Iginla,Forward
628,21,8467400,Francois Beauchemin,Defenseman
629,21,8469492,Fedor Tyutin,Defenseman
630,21,8470750,John Mitchell,Forward
631,21,8471260,Blake Comeau,Forward
632,21,8471262,Carl Soderberg,Forward
633,21,8471504,Rene Bourque,Forward
634,21,8473446,Erik Johnson,Defenseman
635,21,8474577,Joe Colborne,Forward
636,21,8474597,Cody Goloubef,Defenseman
637,21,8474605,Patrick Wiercioch,Defenseman
638,21,8475168,Matt Duchene,Forward
639,21,8475197,Tyson Barrie,Defenseman
640,21,8475199,Eric Gelinas,Defenseman
641,21,8475268,Gabriel Bourque,Forward
642,21,8476428,Rocco Grimaldi,Forward
643,21,8476442,Matt Nieto,Forward
644,21,8476455,Gabriel Landeskog,Forward
645,21,8476464,Duncan Siemens,Defenseman
646,21,8476511,Samuel Henley,Forward
647,21,8476888,Mikhail Grigorenko,Forward
648,21,8477456,J.T. Compher,Forward
649,21,8477492,Nathan MacKinnon,Forward
650,21,8477507,Nikita Zadorov,Defenseman
651,21,8478073,Anton Lindholm,Defenseman
652,21,8478420,Mikko Rantanen,Forward
653,21,8478421,A.J. Greer,Forward
654,21,8479370,Tyson Jost,Forward
655,21,8473575,Semyon Varlamov,Goalie
656,21,8474092,Jeremy Smith,Goalie
657,21,8475717,Calvin Pickard,Goalie
658,21,8477484,Spencer Martin,Goalie
659,22,8468611,Matt Hendricks,Forward
660,22,8471284,Andrej Sekera,Defenseman
661,22,8471678,Benoit Pouliot,Forward
662,22,8471729,Kris Russell,Defenseman
663,22,8471816,Mark Fayne,Defenseman
664,22,8473468,Eric Gryba,Defenseman
665,22,8473473,Milan Lucic,Forward
666,22,8473914,Mark Letestu,Forward
667,22,8474034,Pat Maroon,Forward
668,22,8474586,Jordan Eberle,Forward
669,22,8475165,Anton Lander,Forward
670,22,8475178,Zack Kassian,Forward
671,22,8475752,Tyler Pitlick,Forward
672,22,8476336,Iiro Pakarinen,Forward
673,22,8476416,Dillon Simpson,Defenseman
674,22,8476454,Ryan Nugent-Hopkins,Forward
675,22,8476457,Adam Larsson,Defenseman
676,22,8476472,Oscar Klefbom,Defenseman
677,22,8476915,Jujhar Khaira,Forward
678,22,8476988,Matt Benning,Defenseman
679,22,8477415,Anton Slepyshev,Forward
680,22,8477498,Darnell Nurse,Defenseman
681,22,8477851,Jordan Oesterle,Defenseman
682,22,8477934,Leon Draisaitl,Forward
683,22,8478402,Connor McDavid,Forward
684,22,8479344,Jesse Puljujarvi,Forward
685,22,8479465,Drake Caggiula,Forward
686,22,8476852,Griffin Reinhart,Defenseman
687,22,8475361,Jonas Gustavsson,Goalie
688,22,8475660,Cam Talbot,Goalie
689,22,8476316,Laurent Brossoit,Goalie
690,23,8467875,Daniel Sedin,Forward
691,23,8467876,Henrik Sedin,Forward
692,23,8470626,Loui Eriksson,Forward
693,23,8471303,Alexander Edler,Defenseman
694,23,8471498,Jannik Hansen,Forward
695,23,8471681,Jack Skille,Forward
696,23,8473415,Alex Biega,Defenseman
697,23,8474091,Brandon Sutter,Forward
698,23,8474579,Luca Sbisa,Defenseman
699,23,8474707,Philip Larsen,Defenseman
700,23,8475210,Anton Rodin,Forward
701,23,8475213,Drew Shore,Forward
702,23,8475690,Chris Tanev,Defenseman
703,23,8475790,Erik Gudbranson,Defenseman
704,23,8475808,Michael Chaput,Forward
705,23,8476390,Joseph Cramarossa,Forward
706,23,8476414,Alexandre Grenier,Forward
707,23,8476425,Joseph LaBate,Forward
708,23,8476440,Markus Granlund,Forward
709,23,8476466,Sven Baertschi,Forward
710,23,8476867,Brendan Gaunce,Forward
711,23,8477018,Ben Hutton,Defenseman
712,23,8477091,Evan McEneny,Defenseman
713,23,8477126,Jayson Megna,Forward
714,23,8477500,Bo Horvat,Forward
715,23,8477816,Michael Zalewski,Forward
716,23,8477916,Borna Rendulic,Forward
717,23,8477937,Jake Virtanen,Forward
718,23,8477958,Nikolay Goldobin,Forward
719,23,8477997,Nikita Tryamkin,Defenseman
720,23,8478444,Brock Boeser,Forward
721,23,8479442,Troy Stecher,Defenseman
722,23,8479969,Griffen Molino,Forward
723,23,8468011,Ryan Miller,Goalie
724,23,8473614,Richard Bachman,Goalie
725,23,8474593,Jacob Markstrom,Goalie
726,24,8468535,Antoine Vermette,Forward
727,24,8469598,Kevin Bieksa,Defenseman
728,24,8470612,Ryan Getzlaf,Forward
729,24,8470616,Ryan Kesler,Forward
730,24,8470621,Corey Perry,Forward
731,24,8470622,Patrick Eaves,Forward
732,24,8470775,Nate Thompson,Forward
733,24,8470886,Clayton Stoner,Defenseman
734,24,8471664,Mason Raymond,Forward
735,24,8471699,Andrew Cogliano,Forward
736,24,8471766,Jared Boll,Forward
737,24,8473560,Korbinian Holzer,Defenseman
738,24,8474130,Corey Tropp,Forward
739,24,8475155,Simon Despres,Defenseman
740,24,8475164,Jakob Silfverberg,Forward
741,24,8475222,Sami Vatanen,Defenseman
742,24,8475764,Cam Fowler,Defenseman
743,24,8475770,Emerson Etem,Forward
744,24,8475780,Chris Wagner,Forward
745,24,8476116,Ryan Garbutt,Forward
746,24,8476312,Josh Manson,Defenseman
747,24,8476400,Logan Shaw,Forward
748,24,8476483,Rickard Rakell,Forward
749,24,8476854,Hampus Lindholm,Defenseman
750,24,8476866,Nicolas Kerdiles,Forward
751,24,8477034,Jaycob Megna,Defenseman
752,24,8477447,Shea Theodore,Defenseman
753,24,8477466,Nick Sorensen,Forward
754,24,8477941,Nick Ritchie,Forward
755,24,8477986,Brandon Montour,Defenseman
756,24,8478131,Ondrej Kase,Forward
757,24,8478491,Jacob Larsson,Defenseman
758,24,8479290,Kalle Kossila,Forward
759,24,8473541,Jonathan Bernier,Goalie
760,24,8474682,Dustin Tokarski,Goalie
761,24,8476434,John Gibson,Goalie
762,25,8469455,Jason Spezza,Forward
763,25,8469465,Dan Hamhuis,Defenseman
764,25,8469466,Ales Hemsky,Forward
765,25,8469544,Patrick Sharp,Forward
766,25,8470201,Jiri Hudler,Forward
767,25,8471232,Lauri Korpikoski,Forward
768,25,8471490,Adam Cracknell,Forward
769,25,8473994,Jamie Benn,Forward
770,25,8474849,Antoine Roussel,Forward
771,25,8475236,Cody Eakin,Forward
772,25,8475310,Curtis McKenzie,Forward
773,25,8475413,Justin Dowling,Forward
774,25,8475730,Stephen Johns,Defenseman
775,25,8475747,Patrik Nemeth,Defenseman
776,25,8475794,Tyler Seguin,Forward
777,25,8475906,John Klingberg,Defenseman
778,25,8476439,Brett Ritchie,Forward
779,25,8476467,Jamie Oleksiak,Defenseman
780,25,8476471,Mark McNeill,Forward
781,25,8476889,Radek Faksa,Forward
782,25,8476902,Esa Lindell,Defenseman
783,25,8476913,Devin Shore,Forward
784,25,8476966,Gemel Smith,Forward
785,25,8477450,Jason Dickinson,Forward
786,25,8477945,Julius Honka,Defenseman
787,25,8478495,Denis Gurianov,Forward
788,25,8470140,Kari Lehtonen,Goalie
789,25,8474550,Antti Niemi,Goalie
790,26,8468483,Marian Gaborik,Forward
791,26,8470104,Tom Gilbert,Defenseman
792,26,8470121,Matt Greene,Defenseman
793,26,8470604,Jeff Carter,Forward
794,26,8470606,Dustin Brown,Forward
795,26,8471682,Devin Setoguchi,Forward
796,26,8471685,Anze Kopitar,Forward
797,26,8473453,Trevor Lewis,Forward
798,26,8473962,Teddy Purcell,Forward
799,26,8474162,Jake Muzzin,Defenseman
800,26,8474166,Alec Martinez,Defenseman
801,26,8474563,Drew Doughty,Defenseman
802,26,8475160,Kyle Clifford,Forward
803,26,8475188,Brayden McNabb,Defenseman
804,26,8475325,Jordan Nolan,Forward
805,26,8475343,Nic Dowd,Forward
806,26,8475726,Tyler Toffoli,Forward
807,26,8475762,Derek Forbort,Defenseman
808,26,8475857,Kevin Gravel,Defenseman
809,26,8476404,Andy Andreoff,Forward
810,26,8476406,Nicholas Shore,Forward
811,26,8476871,Tanner Pearson,Forward
812,26,8476983,Paul LaDue,Defenseman
813,26,8477380,Jonny Brodzinski,Forward
814,26,8477960,Adrian Kempe,Forward
815,26,8471734,Jonathan Quick,Goalie
816,26,8473553,Jeff Zatkoff,Goalie
817,26,8475789,Jack Campbell,Goalie
818,28,8466138,Joe Thornton,Forward
819,28,8466139,Patrick Marleau,Forward
820,28,8468208,Joel Ward,Forward
821,28,8468542,Paul Martin,Defenseman
822,28,8470613,Brent Burns,Defenseman
823,28,8470794,Joe Pavelski,Forward
824,28,8471709,Marc-Edouard Vlasic,Defenseman
825,28,8473673,David Schlemko,Defenseman
826,28,8474027,Justin Braun,Defenseman
827,28,8474053,Logan Couture,Forward
828,28,8474230,Micheal Haley,Forward
829,28,8474571,Mikkel Boedker,Forward
830,28,8475455,Brenden Dillon,Defenseman
831,28,8475820,Joonas Donskoi,Forward
832,28,8475834,Marcus Sorensen,Forward
833,28,8475841,Tim Heed,Defenseman
834,28,8476331,Dylan DeMelo,Defenseman
835,28,8476624,Barclay Goodrow,Forward
836,28,8476881,Tomas Hertl,Forward
837,28,8476919,Chris Tierney,Forward
838,28,8476982,Danny O'Regan,Forward
839,28,8477509,Mirco Mueller,Defenseman
840,28,8477846,Ryan Carpenter,Forward
841,28,8477922,Melker Karlsson,Forward
842,28,8478099,Kevin Labanc,Forward
843,28,8478414,Timo Meier,Forward
844,28,8474889,Martin Jones,Goalie
845,28,8477180,Aaron Dell,Goalie
846,29,8468486,Scott Hartnell,Forward
847,29,8471273,Brandon Dubinsky,Forward
848,29,8471677,Jack Johnson,Defenseman
849,29,8473422,Nick Foligno,Forward
850,29,8474040,Sam Gagner,Forward
851,29,8474685,Matt Calvert,Forward
852,29,8474715,Cam Atkinson,Forward
853,29,8475233,David Savard,Defenseman
854,29,8476310,Lukas Sedlak,Forward
855,29,8476391,T.J. Tynan,Forward
856,29,8476432,Boone Jenner,Forward
857,29,8476438,Brandon Saad,Forward
858,29,8476448,William Karlsson,Forward
859,29,8476449,Scott Harrington,Defenseman
860,29,8476850,Ryan Murray,Defenseman
861,29,8476981,Josh Anderson,Forward
862,29,8477416,Oliver Bjorkstrand,Forward
863,29,8477495,Seth Jones,Defenseman
864,29,8477505,Alex Wennberg,Forward
865,29,8477947,Sonny Milano,Forward
866,29,8478460,Zach Werenski,Defenseman
867,29,8478506,Gabriel Carlsson,Defenseman
868,29,8478541,Markus Hannikainen,Forward
869,29,8478906,Markus Nutivaara,Defenseman
870,29,8475683,Sergei Bobrovsky,Goalie
871,29,8476341,Anton Forsberg,Goalie
872,29,8476914,Joonas Korpisalo,Goalie
873,30,8469459,Mikko Koivu,Forward
874,30,8469506,Jason Pominville,Forward
875,30,8470595,Eric Staal,Forward
876,30,8470600,Ryan Suter,Defenseman
877,30,8470610,Zach Parise,Forward
878,30,8471691,Martin Hanzal,Forward
879,30,8473466,Ryan White,Forward
880,30,8473485,Chris Stewart,Forward
881,30,8474610,Zac Dalpe,Forward
882,30,8474618,Marco Scandella,Defenseman
883,30,8474716,Jared Spurgeon,Defenseman
884,30,8475147,Jordan Schroeder,Forward
885,30,8475287,Erik Haula,Forward
886,30,8475613,Nate Prosser,Defenseman
887,30,8475722,Jason Zucker,Forward
888,30,8475745,Charlie Coyle,Forward
889,30,8475798,Mikael Granlund,Forward
890,30,8475799,Nino Niederreiter,Forward
891,30,8475800,Teemu Pulkkinen,Forward
892,30,8476219,Patrick Cannone,Forward
893,30,8476344,Tyler Graovac,Forward
894,30,8476422,Mike Reilly,Defenseman
895,30,8476463,Jonas Brodin,Defenseman
896,30,8476545,Kurtis Gabriel,Forward
897,30,8476856,Matt Dumba,Defenseman
898,30,8477006,Christoph Bertschy,Forward
899,30,8477467,Gustav Olofsson,Defenseman
900,30,8477850,Christian Folin,Defenseman
901,30,8477949,Alex Tuch,Forward
902,30,8478493,Joel Eriksson Ek,Forward
903,30,8471227,Devan Dubnyk,Goalie
904,30,8471774,Alex Stalock,Goalie
905,30,8475311,Darcy Kuemper,Goalie
906,52,8469501,Chris Thorburn,Forward
907,52,8470614,Mark Stuart,Defenseman
908,52,8470828,Toby Enstrom,Defenseman
909,52,8470834,Dustin Byfuglien,Defenseman
910,52,8471218,Blake Wheeler,Forward
911,52,8473565,Brian Strait,Defenseman
912,52,8473574,Shawn Matthias,Forward
913,52,8473618,Mathieu Perreault,Forward
914,52,8474074,Paul Postma,Defenseman
915,52,8474574,Tyler Myers,Defenseman
916,52,8475279,Ben Chiarot,Defenseman
917,52,8475769,Quinton Howden,Forward
918,52,8475788,Alexander Burmistrov,Forward
919,52,8475815,Julian Melchiori,Defenseman
920,52,8476392,Adam Lowry,Forward
921,52,8476460,Mark Scheifele,Forward
922,52,8476469,Joel Armia,Forward
923,52,8476885,Jacob Trouba,Defenseman
924,52,8477429,Andrew Copp,Forward
925,52,8477448,Marko Dano,Forward
926,52,8477464,Nic Petan,Forward
927,52,8477504,Josh Morrissey,Defenseman
928,52,8477940,Nikolaj Ehlers,Forward
929,52,8478031,Nelson Nogier,Defenseman
930,52,8478398,Kyle Connor,Forward
931,52,8478458,Jack Roslovic,Forward
932,52,8479293,Brandon Tanev,Forward
933,52,8479339,Patrik Laine,Forward
934,52,8471715,Ondrej Pavelec,Goalie
935,52,8474636,Michael Hutchinson,Goalie
936,52,8476945,Connor Hellebuyck,Goalie
937,52,8477480,Eric Comrie,Goalie
938,53,8462038,Shane Doan,Forward
939,53,8468085,Radim Vrbata,Forward
940,53,8469760,Zbynek Michalek,Defenseman
941,53,8470755,Brad Richardson,Forward
942,53,8471274,Alex Goligoski,Defenseman
943,53,8473465,Jamie McGinn,Forward
944,53,8473571,Jamie McBain,Defenseman
945,53,8474568,Luke Schenn,Defenseman
946,53,8475171,Oliver Ekman-Larsson,Defenseman
947,53,8475246,Kevin Connauton,Defenseman
948,53,8476356,Tobias Rieder,Forward
949,53,8476473,Connor Murphy,Defenseman
950,53,8476921,Jordan Martinook,Forward
951,53,8477407,Anthony Duclair,Forward
952,53,8477460,Laurent Dauphin,Forward
953,53,8477503,Max Domi,Forward
954,53,8477715,Tyler Gaudet,Forward
955,53,8477943,Brendan Perlini,Forward
956,53,8477950,Tony DeAngelo,Defenseman
957,53,8477989,Christian Dvorak,Forward
958,53,8478432,Christian Fischer,Forward
959,53,8478440,Dylan Strome,Forward
960,53,8478474,Lawson Crouse,Forward
961,53,8479343,Clayton Keller,Forward
962,53,8479345,Jakob Chychrun,Defenseman
963,53,8469608,Mike Smith,Goalie
964,53,8471251,Justin Peters,Goalie
965,53,8475839,Louis Domingue,Goalie
966,53,8476986,Marek Langhamer,Goalie
982,1,8476207,Brian Gibbons,Forward
987,1,8477355,Will Butcher,Defenseman
994,1,8479407,Jesper Bratt,Forward
995,1,8480002,Nico Hischier,Forward
999,1,8478965,Kenneth Appleby,Goalie
1003,2,8470609,Steve Bernier,Forward
1023,2,8477527,Ross Johnston,Forward
1024,2,8477936,Michael Dal Colle,Forward
1028,2,8479206,Tanner Fritz,Forward
1029,2,8480222,Sebastian Aho,Defenseman
1032,2,8476444,Christopher Gibson,Goalie
1051,3,8476396,Steven Fogarty,Forward
1052,3,8476401,Daniel Catenacci,Forward
1060,3,8477337,John Gilmour,Defenseman
1063,3,8479968,Vinni Lettieri,Forward
1064,3,8480072,Lias Andersson,Forward
1065,3,8480078,Filip Chytil,Forward
1066,3,8480145,Neal Pionk,Defenseman
1069,3,8477990,Brandon Halverson,Goalie
1070,3,8480382,Alexandar Georgiev,Goalie
1073,4,8473440,Will O'Neill,Defenseman
1081,4,8475729,Mark Alt,Defenseman
1089,4,8477399,Tyrell Goulbourne,Forward
1092,4,8477948,Travis Sanheim,Defenseman
1093,4,8478067,Oskar Lindblom,Forward
1094,4,8478365,Danick Martel,Forward
1097,4,8479974,Nolan Patrick,Forward
1101,4,8479312,Alex Lyon,Goalie
1118,5,8475902,Zach Trotman,Defenseman
1130,5,8478466,Daniel Sprong,Forward
1132,5,8479944,Zach Aston-Reese,Forward
1136,5,8479193,Casey DeSmith,Goalie
1147,6,8475224,Jordan Szwarz,Forward
1156,6,8477529,Colby Cave,Forward
1158,6,8477987,Ryan Donato,Forward
1160,6,8478075,Anders Bjork,Forward
1163,6,8478498,Jake DeBrusk,Forward
1198,7,8479304,Kyle Criscuolo,Forward
1200,7,8479755,Victor Antipin,Defenseman
1201,7,8479999,Casey Mittelstadt,Forward
1204,7,8476330,Adam Wilcox,Goalie
1231,8,8477510,Kerby Rychel,Forward
1232,8,8477642,Rinat Valiev,Defenseman
1236,8,8478454,Noah Juulsen,Defenseman
1237,8,8479376,Victor Mete,Defenseman
1238,8,8480143,Jakub Jerabek,Defenseman
1250,9,8474024,Jim O'Brien,Forward
1268,9,8476890,Patrick Sieloff,Defenseman
1272,9,8478268,Jack Rodewald,Forward
1275,9,8478488,Filip Chlapik,Forward
1276,9,8478846,Christian Wolanin,Defenseman
1277,9,8478868,Christian Jaros,Defenseman
1278,9,8480029,Alex Formenton,Forward
1280,9,8471433,Daniel Taylor,Goalie
1294,10,8475718,Justin Holl,Defenseman
1300,10,8477341,Andreas Johnsson,Forward
1305,10,8478408,Travis Dermott,Defenseman
1309,10,8480157,Calle Rosen,Defenseman
1310,10,8480158,Andreas Borgman,Defenseman
1326,12,8476953,Trevor Carrick,Defenseman
1332,12,8477938,Haydn Fleury,Defenseman
1333,12,8477981,Roland McKeown,Defenseman
1334,12,8477998,Warren Foegele,Forward
1338,12,8478462,Nicolas Roy,Forward
1340,12,8479511,Janne Kuokkanen,Forward
1341,12,8480039,Martin Necas,Forward
1349,13,8474149,Evgenii Dadonov,Forward
1351,13,8475736,Connor Brickley,Forward
1355,13,8476322,Chase Balisy,Forward
1362,13,8477583,Curtis Valk,Forward
1365,13,8478211,Dryden Hunt,Forward
1367,13,8479404,Henrik Borgstrom,Forward
1368,13,8479553,Maxim Mamin,Forward
1369,13,8480015,Owen Tippett,Forward
1370,13,8480164,Henrik Haapala,Forward
1373,13,8474667,Harri Sateri,Goalie
1396,14,8478519,Anthony Cirelli,Forward
1407,15,8474061,Anthony Peluso,Forward
1417,15,8476329,Travis Boyd,Forward
1421,15,8477043,Christian Djoos,Defenseman
1424,15,8477474,Madison Bowey,Defenseman
1425,15,8477573,Nathan Walker,Forward
1427,15,8478063,Shane Gersich,Forward
1442,16,8476979,Erik Gustafsson,Defenseman
1447,16,8477472,Carl Dahlstrom,Defenseman
1451,16,8478106,Dylan Sikura,Forward
1452,16,8478146,Matthew Highmore,Forward
1455,16,8479337,Alex DeBrincat,Forward
1456,16,8479595,Blake Hillman,Defenseman
1457,16,8480144,David Kampf,Forward
1458,16,8480153,Victor Ejdsell,Forward
1459,16,8480172,Jan Rutta,Defenseman
1461,16,8471301,Jeff Glass,Goalie
1464,16,8480420,Collin Delia,Goalie
1471,17,8471266,David Booth,Forward
1512,18,8479398,Samuel Girard,Defenseman
1513,18,8480009,Eeli Tolvanen,Forward
1540,19,8478104,Sammy Blais,Forward
1541,19,8478407,Vince Dunn,Defenseman
1542,19,8479420,Tage Thompson,Forward
1543,19,8480761,Mitch Reinke,Defenseman
1566,20,8477449,Morgan Klimchuk,Forward
1571,20,8478233,Andrew Mangiapane,Forward
1573,20,8479066,Ryan Lomberg,Forward
1575,20,8480330,Spencer Foo,Forward
1593,21,8476952,Dominic Toninato,Forward
1594,21,8477021,Alex Kerfoot,Forward
1596,21,8477453,Chris Bigras,Defenseman
1604,21,8478842,Andrei Mironov,Defenseman
1616,22,8474089,Brad Malone,Forward
1619,22,8476397,Keegan Lowe,Defenseman
1631,22,8478451,Ethan Bear,Defenseman
1635,22,8479977,Kailer Yamamoto,Forward
1648,23,8475423,Darren Archibald,Forward
1658,23,8476894,Brendan Leipsic,Forward
1660,23,8477085,Ashton Sautner,Defenseman
1667,23,8478874,Adam Gaudette,Forward
1669,23,8480163,Philip Holm,Defenseman
1671,23,8477967,Thatcher Demko,Goalie
1688,24,8476407,Andy Welinski,Defenseman
1692,24,8476971,Kevin Roy,Forward
1697,24,8477969,Marcus Pettersson,Defenseman
1700,24,8478873,Troy Terry,Forward
1702,24,8479613,Giovanni Fiore,Forward
1724,25,8477406,Mattias Janmark,Forward
1726,25,8477471,Dillon Heatherington,Defenseman
1728,25,8470093,Mike McKenna,Goalie
1730,26,8469639,Brooks Laich,Forward
1742,26,8476020,Andrew Crescenzi,Forward
1747,26,8477073,Kurtis MacDermid,Defenseman
1749,26,8477428,Justin Auger,Forward
1752,26,8478020,Michael Amadio,Forward
1753,26,8480113,Alex Iafallo,Forward
1754,26,8480147,Oscar Fantenberg,Defenseman
1755,26,8480771,Daniel Brickley,Defenseman
1777,28,8477046,Joakim Ryan,Defenseman
1782,28,8479580,Dylan Gambrell,Forward
1787,29,8471804,Nathan Gerbe,Forward
1794,29,8476283,Alex Broadhurst,Forward
1808,29,8478567,Dean Kukan,Defenseman
1810,29,8479400,Pierre-Luc Dubois,Forward
1811,29,8480762,Eric Robinson,Forward
1824,30,8475157,Landon Ferraro,Forward
1830,30,8476372,Nick Seeler,Defenseman
1836,30,8477369,Carson Soucy,Defenseman
1838,30,8478011,Louie Belpedio,Defenseman
1839,30,8478413,Jordan Greenway,Forward
1841,30,8479316,Luke Kunin,Forward
1842,30,8480082,Justin Kloos,Forward
1858,52,8477359,Tucker Poolman,Defenseman
1864,52,8477962,Brendan Lemieux,Forward
1867,52,8478915,Sami Niku,Defenseman
1876,53,8474131,Mario Kempe,Forward
1880,53,8474736,Zac Rinaldo,Forward
1888,53,8477541,Dakota Mermis,Defenseman
1895,53,8478476,Kyle Capobianco,Defenseman
1898,53,8475809,Scott Wedgewood,Goalie
1901,53,8478499,Adin Hill,Goalie
1916,54,8476617,Tomas Hyka,Forward
1918,54,8476870,Stefan Matteau,Forward
1925,54,8479650,Vadim Shipachyov,Forward
1926,54,8480727,Zach Whitecloud,Defenseman
1928,54,8476509,Maxime Lagace,Goalie
1929,54,8476861,Oscar Dansk,Goalie
1931,54,8480263,Dylan Ferguson,Goalie
1938,1,8474025,Eric Tangradi,Forward
1957,1,8478841,Colton White,Defenseman
1958,1,8478881,Brett Seney,Forward
1961,1,8479315,Joey Anderson,Forward
1962,1,8479330,Brandon Gignac,Forward
1964,1,8479414,Nathan Bastian,Forward
1965,1,8479415,Michael McLeod,Forward
1967,1,8480948,Egor Yakovlev,Defenseman
1970,1,8478406,Mackenzie Blackwood,Goalie
1993,2,8478038,Devon Toews,Defenseman
2024,3,8479324,Ryan Lindgren,Defenseman
2025,3,8479333,Libor Hajek,Defenseman
2026,3,8479353,Brett Howden,Forward
2027,3,8479364,Tim Gettinger,Forward
2040,4,8475260,Corban Knight,Forward
2055,4,8477979,Nicolas Aube-Kubel,Forward
2056,4,8478017,Mark Friedman,Defenseman
2060,4,8478844,Mikhail Vorobyev,Forward
2061,4,8479026,Philippe Myers,Defenseman
2070,4,8479394,Carter Hart,Goalie
2083,5,8475253,Garrett Wilson,Forward
2092,5,8476927,Teddy Blueger,Forward
2101,5,8480341,Adam Johnson,Forward
2102,5,8480945,Juuso Riikola,Defenseman
2124,6,8477365,Connor Clifton,Defenseman
2131,6,8478415,Jakub Zboril,Defenseman
2134,6,8478468,Jeremy Lauzon,Defenseman
2135,6,8478485,Zach Senyshyn,Forward
2139,6,8479365,Trent Frederic,Forward
2140,6,8480001,Urho Vaakanainen,Defenseman
2141,6,8480901,Karson Kuhlman,Forward
2163,7,8478109,Victor Olofsson,Forward
2167,7,8478840,Will Borgen,Defenseman
2173,7,8480839,Rasmus Dahlin,Defenseman
2174,7,8480935,Lawrence Pilut,Defenseman
2202,8,8480068,Ryan Poehling,Forward
2203,8,8480829,Jesperi Kotkaniemi,Forward
2216,9,8475206,Stefan Elliott,Defenseman
2239,9,8478870,Rudolfs Balcers,Forward
2240,9,8479320,Max Lajoie,Defenseman
2241,9,8479411,Vitaly Abramov,Forward
2243,9,8480073,Erik Brannstrom,Defenseman
2244,9,8480208,Drake Batherson,Forward
2245,9,8480314,Max Veronneau,Forward
2246,9,8480801,Brady Tkachuk,Forward
2249,9,8477405,Marcus Hogberg,Goalie
2250,9,8478916,Joey Daccord,Goalie
2273,10,8479675,Trevor Moore,Forward
2275,10,8480943,Igor Ozhiganov,Defenseman
2276,10,8480944,Par Lindholm,Forward
2279,10,8476343,Garret Sparks,Goalie
2295,12,8477357,Saku Maenalanen,Forward
2302,12,8478056,Clark Bishop,Forward
2305,12,8479402,Jake Bean,Defenseman
2308,12,8480830,Andrei Svechnikov,Forward
2310,12,8478839,Aleksi Saarela,Forward
2329,13,8477384,Josh Brown,Defenseman
2333,13,8477963,Jayce Hawryluk,Forward
2334,13,8477996,Juho Lammikko,Forward
2338,13,8479388,Riley Stillman,Defenseman
2340,13,8479439,Jacob MacDonald,Defenseman
2341,13,8479447,Anthony Greco,Forward
2343,13,8480955,Bogdan Kiselevich,Defenseman
2344,13,8481442,Brady Keeper,Defenseman
2347,13,8478470,Sam Montembeault,Goalie
2368,14,8478416,Erik Cernak,Defenseman
2369,14,8478472,Mathieu Joseph,Forward
2373,14,8475277,Edward Pasquale,Goalie
2394,15,8477343,Tyler Lewington,Defenseman
2399,15,8478399,Jonas Siegenthaler,Defenseman
2414,16,8477366,Luke Johnson,Forward
2422,16,8478502,Dennis Gilbert,Defenseman
2426,16,8479657,Alexandre Fortin,Forward
2427,16,8480035,Henri Jokiharju,Defenseman
2429,16,8480946,Dominik Kahun,Forward
2430,16,8480954,Jacob Nilsson,Forward
2455,17,8477865,Jake Chelios,Defenseman
2457,17,8478036,Christoffer Ehn,Forward
2458,17,8479395,Dennis Cholowski,Defenseman
2459,17,8479425,Filip Hronek,Defenseman
2460,17,8479992,Michael Rasmussen,Forward
2461,17,8480161,Libor Sulak,Defenseman
2462,17,8480821,Filip Zadina,Forward
2463,17,8481426,Ryan Kuffner,Forward
2464,17,8481433,Taro Hirose,Forward
2467,17,8480363,Kaden Fulcher,Goalie
2474,18,8474659,Matt Donovan,Defenseman
2485,18,8476278,Colin Blackwell,Forward
2493,18,8478409,Anthony Richard,Forward
2494,18,8479371,Dante Fabbro,Defenseman
2495,18,8479514,Rem Pitlick,Forward
2519,19,8476907,Mackenzie MacEachern,Forward
2526,19,8479385,Jordan Kyrou,Forward
2527,19,8480023,Robert Thomas,Forward
2531,19,8476412,Jordan Binnington,Goalie
2553,20,8478430,Oliver Kylington,Defenseman
2558,20,8479346,Dillon Dube,Forward
2559,20,8479976,Juuso Valimaki,Defenseman
2571,21,8475461,Andrew Agozzino,Forward
2579,21,8477435,Ryan Graves,Defenseman
2590,21,8480326,Sheldon Dries,Forward
2591,21,8481186,Logan O'Connor,Forward
2592,21,8480069,Cale Makar,Defenseman
2595,21,8480925,Pavel Francouz,Goalie
2613,22,8477680,Josh Currie,Forward
2616,22,8478442,Cooper Marody,Forward
2617,22,8478452,Caleb Jones,Defenseman
2619,22,8479466,Patrick Russell,Forward
2620,22,8479970,Joseph Gambardella,Forward
2622,22,8480803,Evan Bouchard,Defenseman
2623,22,8475156,Mikko Koskinen,Goalie
2646,23,8478465,Guillaume Brisebois,Defenseman
2649,23,8479772,Zack MacEwen,Forward
2650,23,8480012,Elias Pettersson,Forward
2651,23,8480800,Quinn Hughes,Defenseman
2652,23,8481425,Josh Teves,Defenseman
2653,23,8481479,Brogan Rafferty,Defenseman
2657,23,8480022,Michael DiPietro,Goalie
2668,24,8475842,Sam Carrick,Forward
2682,24,8478029,Chase De Leo,Forward
2687,24,8479351,Sam Steel,Forward
2688,24,8479368,Max Jones,Forward
2689,24,8479372,Josh Mahura,Defenseman
2690,24,8480031,Max Comtois,Forward
2692,24,8480748,Kiefer Sherwood,Forward
2693,24,8480806,Isac Lundestrom,Forward
2696,24,8479294,Kevin Boyle,Goalie
2716,25,8477501,Valeri Nichushkin,Forward
2719,25,8478449,Roope Hintz,Forward
2721,25,8479416,Ben Gleason,Defenseman
2722,25,8479945,Gavin Bayreuther,Defenseman
2723,25,8480036,Miro Heiskanen,Defenseman
2724,25,8480769,Joel L'Esperance,Forward
2726,25,8479016,Landon Bow,Goalie
2727,26,8469454,Ilya Kovalchuk,Forward
2744,26,8478455,Austin Wagner,Forward
2745,26,8478911,Matt Roy,Defenseman
2746,26,8479336,Carl Grundstrom,Forward
2747,26,8479644,Matt Luff,Forward
2748,26,8479994,Jaret Anderson-Dolan,Forward
2750,26,8480336,Sean Walker,Defenseman
2752,26,8480776,Sheldon Rempal,Forward
2753,26,8481481,Blake Lizotte,Forward
2757,26,8477361,Cal Petersen,Goalie
2774,28,8478078,Rourke Chartier,Forward
2776,28,8478136,Jake Middleton,Defenseman
2779,28,8480160,Radim Simek,Defenseman
2780,28,8480780,Lukas Radil,Forward
2781,28,8480965,Antti Suomela,Forward
2806,29,8478831,Kevin Stenlund,Forward
2808,29,8478949,Kole Sherwood,Forward
2810,29,8480074,Alexandre Texier,Forward
2812,29,8478882,Vladislav Gavrikov,Defenseman
2838,30,8481477,Nico Sturm,Forward
2850,52,8476799,Cameron Schilling,Defenseman
2858,52,8478891,Mason Appleton,Forward
2862,52,8480005,Kristian Vesalainen,Forward
2884,53,8478047,Michael Bunting,Forward
2888,53,8478856,Conor Garland,Forward
2891,53,8480950,Ilya Lyubushkin,Defenseman
2895,53,8480112,Hunter Miska,Goalie
2919,54,8481486,Jimmy Schuldt,Defenseman
2936,1,8477038,Nikita Gusev,Forward
2951,1,8480003,Jesper Boqvist,Forward
2952,1,8481559,Jack Hughes,Forward
2956,1,8480213,Gilles Senn,Goalie
2977,2,8478367,Cole Bardreau,Forward
2980,2,8479356,Kieffer Bellows,Forward
2981,2,8479526,Otto Koivula,Forward
2982,2,8480789,Oliver Wahlstrom,Forward
2983,2,8480865,Noah Dobson,Defenseman
3004,3,8479323,Adam Fox,Defenseman
3006,3,8479328,Julien Gauthier,Forward
3012,3,8481554,Kaapo Kakko,Forward
3014,3,8478048,Igor Shesterkin,Goalie
3036,4,8478436,David Kase,Forward
3041,4,8479358,Carsen Twarynski,Forward
3042,4,8479382,Connor Bunnaman,Forward
3043,4,8479424,German Rubtsov,Forward
3044,4,8480028,Morgan Frost,Forward
3045,4,8480797,Joel Farabee,Forward
3066,5,8476974,Thomas Di Pauli,Forward
3073,5,8478043,Sam Lafferty,Forward
3074,5,8478507,John Marino,Defenseman
3112,6,8478888,Cameron Hughes,Forward
3116,6,8480021,Jack Studnicka,Forward
3121,6,8478435,Dan Vladar,Goalie
3129,7,8475748,Dalton Smith,Forward
3144,7,8479335,Rasmus Asplund,Forward
3152,7,8477992,Jonas Johansson,Goalie
3177,8,8478133,Jake Evans,Forward
3178,8,8478838,Lukas Vejdemo,Forward
3180,8,8479985,Cale Fleury,Defenseman
3181,8,8480018,Nick Suzuki,Forward
3184,8,8481105,Otto Leskinen,Defenseman
3185,8,8475968,Alex Belzile,Forward
3189,8,8480051,Cayden Primeau,Goalie
3201,9,8477149,Scott Sabourin,Forward
3209,9,8478833,J.C. Beaudin,Forward
3216,9,8480064,Josh Norris,Forward
3219,9,8480247,Jonathan Davidsson,Forward
3243,10,8478115,Pierre Engvall,Forward
3247,10,8478857,Dmytro Timashov,Forward
3248,10,8478975,Mason Marchment,Forward
3249,10,8478996,Adam Brooks,Forward
3251,10,8479510,Egor Korshkov,Forward
3253,10,8480043,Timothy Liljegren,Defenseman
3255,10,8480873,Rasmus Sandin,Defenseman
3256,10,8481624,Ilya Mikheyev,Forward
3257,10,8481582,Nicholas Robertson,Forward
3261,10,8479288,Kasimir Kaskisuo,Goalie
3283,12,8479987,Morgan Geekie,Forward
3285,12,8480185,Eetu Luostarinen,Forward
3334,14,8477409,Carter Verhaeghe,Forward
3338,14,8478477,Mitchell Stephens,Forward
3342,14,8480186,Alexander Volkov,Forward
3368,15,8479359,Beck Malenstyn,Forward
3370,15,8480796,Martin Fehervary,Defenseman
3371,15,8477314,Brian Pinho,Forward
3373,15,8478492,Ilya Samsonov,Goalie
3386,16,8477330,Dominik Kubalik,Forward
3397,16,8479523,Lucas Carlsson,Defenseman
3398,16,8479542,Brandon Hagel,Forward
3400,16,8480814,Nicolas Beaudin,Defenseman
3401,16,8480871,Adam Boqvist,Defenseman
3402,16,8481523,Kirby Dach,Forward
3403,16,8481637,Anton Wedin,Forward
3431,17,8479379,Givani Smith,Forward
3434,17,8480184,Gustav Lindstrm,Defenseman
3455,18,8475797,Jarred Tinordi,Defenseman
3465,18,8478508,Yakov Trenin,Forward
3468,18,8479671,Mathieu Olivier,Forward
3491,19,8478013,Jake Walman,Defenseman
3492,19,8478040,Austin Poganski,Forward
3495,19,8478859,Niko Mikkola,Defenseman
3497,19,8480011,Klim Kostin,Forward
3526,20,8481630,Alexander Yelesin,Defenseman
3553,21,8479982,Conor Timmins,Defenseman
3556,21,8480822,Martin Kaut,Forward
3560,21,8479530,Adam Werner,Goalie
3579,22,8478021,William Lagesson,Defenseman
3583,22,8479347,Tyler Benson,Forward
3586,22,8480940,Joel Persson,Defenseman
3587,22,8481638,Joakim Nygard,Forward
3588,22,8481813,Gaetan Haas,Forward
3620,23,8479355,Olli Juolevi,Defenseman
3630,24,8475825,Jani Hakanp,Defenseman
3673,25,8479381,Nick Caamano,Forward
3674,25,8479587,Rhett Gardner,Forward
3675,25,8480027,Jason Robertson,Forward
3678,25,8481641,Joel Kiviranta,Forward
3679,25,8481581,Thomas Harley,Defenseman
3681,25,8479979,Jake Oettinger,Goalie
3689,26,8476947,Nikolai Prokhorkin,Forward
3699,26,8479348,Kale Clague,Defenseman
3702,26,8479998,Mikey Anderson,Defenseman
3703,26,8480014,Gabriel Vilardi,Forward
3707,26,8481600,Tobias Bjornfot,Defenseman
3723,28,8477983,Maxim Letunov,Forward
3727,28,8479393,Noah Gregor,Forward
3728,28,8479571,Joachim Blichfeld,Forward
3730,28,8479983,Mario Ferraro,Defenseman
3732,28,8480384,Alexander True,Forward
3735,28,8481515,Danil Yurtaykin,Forward
3736,28,8481516,Joel Kellman,Forward
3737,28,8481640,Lean Bergmann,Forward
3738,28,8481812,Nikolai Knyzhov,Defenseman
3756,29,8477974,Ryan MacInnis,Forward
3764,29,8479369,Andrew Peeke,Defenseman
3766,29,8479557,Calvin Thurkauf,Forward
3768,29,8480205,Emil Bemstrom,Forward
3770,29,8480853,Liam Foudy,Forward
3771,29,8481650,Jakob Lilja,Forward
3773,29,8478007,Elvis Merzlikins,Goalie
3774,29,8480162,Matiss Kivlenieks,Goalie
3796,30,8479734,Brennan Menell,Defenseman
3797,30,8479933,Gerry Mayhew,Forward
3802,30,8478039,Kaapo Kahkonen,Goalie
3820,52,8478058,CJ Suess,Forward
3822,52,8478424,Jansen Harkins,Forward
3828,52,8481019,David Gustafsson,Forward
3829,52,8481572,Ville Heinola,Defenseman
3830,52,8481642,Andrei Chibisov,Forward
3831,52,8481649,Joona Luoto,Forward
3855,53,8480849,Barrett Hayton,Forward
3856,53,8480913,Jordan Gross,Defenseman
3873,54,8476987,Jake Bischoff,Defenseman
3881,54,8478434,Keegan Kolesar,Forward
3883,54,8479748,Gage Quinney,Forward
3884,54,8479980,Nicolas Hague,Defenseman
3885,54,8479996,Cody Glass,Forward
3913,1,8480226,Marin Studenic,Forward
3914,1,8480860,Kevin Bahl,Defenseman
3915,1,8480883,Ty Smith,Defenseman
3916,1,8481068,Yegor Sharangovich,Forward
3917,1,8481518,Nolan Foote,Forward
3919,1,8481740,Tyce Thompson,Forward
3951,2,8478009,Ilya Sorokin,Goalie
3973,3,8479462,Tarmo Reunanen,Defenseman
3975,3,8480289,Morgan Barron,Forward
3976,3,8480817,K'Andre Miller,Defenseman
3977,3,8480833,Vitali Kravtsov,Forward
3979,3,8481708,Zac Jones,Defenseman
3980,3,8482109,Alexis Lafrenire,Forward
3981,3,8482179,Justin Richards,Forward
4006,4,8479322,Wade Allison,Forward
4009,4,8479550,Tanner Laczynski,Forward
4012,4,8480201,Maksim Sushko,Forward
4014,4,8481178,Egor Zamula,Defenseman
4015,4,8481546,Cam York,Defenseman
4016,4,8482654,Jackson Cates,Forward
4036,5,8477814,Kevin Czuczman,Defenseman
4046,5,8480058,Pierre-Olivier Joseph,Defenseman
4048,5,8482055,Drew O'Connor,Forward
4049,5,8482241,Radim Zohorna,Forward
4083,6,8479546,Oskar Steen,Forward
4088,6,8482072,Jack Ahcan,Defenseman
4092,6,8480280,Jeremy Swayman,Goalie
4112,7,8479419,Brett Murray,Forward
4118,7,8480196,Jacob Bryson,Defenseman
4119,7,8480807,Mattias Samuelsson,Defenseman
4121,7,8481528,Dylan Cozens,Forward
4124,7,8475920,Michael Houser,Goalie
4127,7,8480045,Ukko-Pekka Luukkonen,Goalie
4151,8,8481014,Alexander Romanov,Defenseman
4152,8,8481058,Jesse Ylnen,Forward
4154,8,8481540,Cole Caufield,Forward
4184,9,8480448,Parker Kelly,Forward
4186,9,8480879,Jacob Bernard-Docker,Defenseman
4187,9,8481596,Shane Pinto,Forward
4188,9,8481629,Olle Alsing,Defenseman
4189,9,8482116,Tim Sttzle,Forward
4190,9,8482245,Artem Zub,Defenseman
4195,9,8479406,Filip Gustavsson,Goalie
4226,10,8482222,Alexander Barabanov,Forward
4227,10,8482247,Mikko Lehtonen,Defenseman
4252,12,8478904,Steven Lorentz,Forward
4256,12,8480466,Joey Keane,Defenseman
4289,13,8480037,Aleksi Heponiemi,Forward
4291,13,8480844,Grigori Denisenko,Forward
4293,13,8482641,Matt Kiersted,Defenseman
4296,13,8481519,Spencer Knight,Goalie
4312,14,8478049,Ben Thomas,Defenseman
4313,14,8478069,Daniel Walcott,Forward
4319,14,8479525,Ross Colton,Forward
4320,14,8479718,Alex Barr-Boulet,Forward
4321,14,8479984,Cal Foote,Defenseman
4347,15,8477544,Philippe Maillet,Forward
4354,15,8479516,Garrett Pilon,Forward
4355,15,8481580,Connor McMichael,Forward
4357,15,8477970,Vitek Vanecek,Goalie
4377,16,8480025,MacKenzie Entwistle,Forward
4378,16,8480070,Ian Mitchell,Defenseman
4380,16,8480293,Wyatt Kalynuk,Defenseman
4381,16,8480459,Pius Suter,Forward
4382,16,8480798,Philipp Kurashev,Forward
4384,16,8480831,Alec Regula,Defenseman
4386,16,8481147,Reese Johnson,Forward
4388,16,8482635,Mike Hardman,Forward
4391,16,8480947,Kevin Lankinen,Goalie
4415,17,8480813,Joe Veleno,Forward
4418,17,8482240,Mathias Brome,Forward
4446,18,8479329,Frederic Allard,Defenseman
4449,18,8479602,Jeremy Davies,Defenseman
4450,18,8479661,Tanner Jeannot,Forward
4453,18,8480063,David Farrance,Defenseman
4454,18,8482062,Cole Smith,Forward
4480,19,8478057,Dakota Joshua,Forward
4489,19,8478024,Ville Husso,Goalie
4509,20,8478446,Glenn Gawdin,Forward
4514,20,8479547,Matthew Phillips,Forward
4516,20,8480008,Adam Ruzicka,Forward
4517,20,8482067,Connor Mackey,Defenseman
4520,20,8481501,Artyom Zagidulin,Goalie
4531,21,8477335,Kyle Burroughs,Defenseman
4543,21,8479387,Keaton Middleton,Defenseman
4552,21,8481524,Bowen Byram,Defenseman
4553,21,8481618,Alex Newhook,Forward
4554,21,8480846,Sampo Ranta,Forward
4580,22,8480802,Ryan McLeod,Forward
4587,22,8479973,Stuart Skinner,Goalie
4607,23,8478970,Jalen Chatfield,Defenseman
4609,23,8479367,William Lockwood,Forward
4611,23,8479981,Jonah Gadjovich,Forward
4612,23,8479986,Kole Lind,Forward
4616,23,8481535,Nils Hoglander,Forward
4617,23,8482063,Marc Michaelis,Forward
4646,24,8481122,Simon Benoit,Defenseman
4647,24,8481533,Trevor Zegras,Forward
4648,24,8482142,Jamie Drysdale,Defenseman
4675,25,8480848,Ty Dellandrea,Forward
4699,26,8480221,Drake Rymsha,Forward
4701,26,8480467,Austin Strand,Defenseman
4702,26,8480845,Rasmus Kupari,Forward
4704,26,8481560,Arthur Kaliyev,Forward
4706,26,8482124,Quinton Byfield,Forward
4708,26,8477234,Troy Grosenick,Goalie
4724,28,8478467,Nicolas Meloche,Defenseman
4730,28,8479705,Jeffrey Viel,Forward
4732,28,8480053,Sasha Chmelevski,Forward
4734,28,8480276,Ivan Chekhovich,Forward
4737,28,8481077,John Leonard,Forward
4741,28,8482248,Fredrik Handemark,Forward
4742,28,8482369,Brinson Pasichnuk,Defenseman
4744,28,8480373,Josef Korenar,Goalie
4745,28,8482246,Alexei Melnichuk,Goalie
4774,29,8482623,Josh Dunne,Forward
4778,29,8481001,Veini Vehvilainen,Goalie
4802,30,8478864,Kirill Kaprizov,Forward
4804,30,8480884,Calen Addison,Defenseman
4827,52,8479378,Logan Stanley,Defenseman
4856,53,8478967,Lane Pederson,Forward
4860,53,8480890,Jan Jenik,Forward
4863,53,8481599,Victor Soderstrom,Defenseman
4867,53,8481031,Ivan Prosvetov,Goalie
4888,54,8479639,Dylan Coghlan,Defenseman
4892,54,8481522,Peyton Krebs,Forward
4896,54,8480313,Logan Thompson,Goalie
4903,1,8477419,Mason Geertsen,Forward
4919,1,8480054,Reilly Walsh,Defenseman
4920,1,8480188,Fabian Zetterlund,Forward
4926,1,8481537,Nikita Okhotiuk,Defenseman
4929,1,8482110,Dawson Mercer,Forward
4930,1,8482125,Alexander Holtz,Forward
4936,1,8481033,Akira Schmid,Goalie
4937,1,8482076,Nico Daws,Goalie
4964,2,8480071,Robin Salo,Defenseman
4966,2,8480306,Grant Hutton,Defenseman
4999,3,8480878,Nils Lundkvist,Defenseman
5002,3,8482073,Braden Schneider,Defenseman
5006,3,8478903,Adam Huska,Goalie
5024,4,8478051,Max Willman,Forward
5030,4,8479534,Linus Hogberg,Defenseman
5035,4,8480019,Isaac Ratcliffe,Forward
5037,4,8480220,Noah Cates,Forward
5040,4,8481521,Ronnie Attard,Defenseman
5042,4,8481553,Bobby Brink,Forward
5043,4,8482243,Linus Sandin,Forward
5046,4,8478433,Felix Sandstrom,Goalie
5070,5,8479512,Kasper Bjorkqvist,Forward
5073,5,8480842,Filip Hallander,Forward
5075,5,8481703,Valtteri Puustinen,Forward
5112,6,8482834,Jesper Froden,Forward
5113,6,8483397,Marc McLaughlin,Forward
5133,7,8479289,Ethan Prow,Defenseman
5138,7,8479578,Casey Fitzgerald,Defenseman
5146,7,8482061,Brandon Biro,Forward
5147,7,8482097,Jack Quinn,Forward
5148,7,8482175,JJ Peterka,Forward
5149,7,8482671,Owen Power,Defenseman
5175,8,8477631,Brandon Baddock,Forward
5184,8,8479543,Michael Pezzetta,Forward
5187,8,8480887,Jordan Harris,Defenseman
5190,8,8481093,Rafael Harvey-Pinard,Forward
5191,8,8481461,Corey Schueneman,Defenseman
5193,8,8481555,Mattias Norlinder,Defenseman
5194,8,8482111,Justin Barron,Defenseman
5198,8,8478933,Michael McNiven,Goalie
5226,9,8480355,Mark Kastelic,Forward
5230,9,8481102,Egor Sokolov,Forward
5231,9,8481133,Cole Reinhardt,Forward
5232,9,8481575,Lassi Thomson,Defenseman
5234,9,8481657,Viktor Lodin,Forward
5240,9,8481544,Mads Sogaard,Goalie
5265,10,8479729,Kristians Rubins,Defenseman
5272,10,8481720,Nick Abruzzese,Forward
5273,10,8482634,Alex Steeves,Forward
5274,10,8482815,Kirill Semyonov,Forward
5278,10,8478902,Erik Kallgren,Goalie
5279,10,8479361,Joseph Woll,Goalie
5307,12,8480835,Jack Drury,Forward
5308,12,8482093,Seth Jarvis,Forward
5312,12,8479581,Jack LaFontaine,Goalie
5313,12,8481611,Pyotr Kochetkov,Goalie
5336,13,8479597,Chase Priskie,Defenseman
5340,13,8481655,Cole Schwindt,Forward
5341,13,8482113,Anton Lundell,Forward
5360,14,8478178,Darren Raddysh,Defenseman
5363,14,8479383,Boris Katchouk,Forward
5364,14,8479390,Taylor Raddysh,Forward
5366,14,8479413,Sean Day,Defenseman
5372,14,8480863,Gabriel Fortier,Forward
5376,14,8481597,Hugo Alnefelt,Goalie
5398,15,8479321,Lucas Johansen,Defenseman
5403,15,8479536,Axel Jonsson-Fjallby,Forward
5406,15,8480823,Alexander Alexeyev,Defenseman
5407,15,8481441,Joe Snively,Forward
5408,15,8481517,Brett Leason,Forward
5410,15,8481656,Aliaksei Protas,Forward
5411,15,8482148,Hendrix Lapierre,Forward
5412,15,8477457,Zach Fucale,Goalie
5436,16,8480231,Jakub Galvas,Defenseman
5441,16,8481004,Josiah Slavin,Forward
5444,16,8481568,Alex Vlasic,Defenseman
5445,16,8482117,Lukas Reichel,Forward
5446,16,8482192,Isaak Phillips,Defenseman
5451,16,8482821,Arvid Soderblom,Goalie
5457,17,8476505,Turner Elson,Forward
5471,17,8478486,Chase Pearson,Forward
5483,17,8481542,Moritz Seider,Defenseman
5484,17,8482078,Lucas Raymond,Forward
5503,18,8478438,Tommy Novak,Forward
5517,18,8481577,Philip Tomasino,Forward
5520,18,8478971,Connor Ingram,Goalie
5545,19,8480281,Alexey Toropchenko,Forward
5546,19,8481059,Scott Perunovich,Defenseman
5547,19,8482089,Jake Neighbours,Forward
5551,19,8480981,Joel Hofer,Goalie
5576,20,8482652,Walker Duehr,Forward
5609,21,8483570,Ben Meyers,Forward
5612,21,8481020,Justus Annunen,Goalie
5635,22,8479338,Markus Niemelainen,Defenseman
5639,22,8480041,Dmitri Samorukov,Defenseman
5642,22,8481598,Philip Broberg,Defenseman
5643,22,8482077,Dylan Holloway,Forward
5674,23,8481617,Vasily Podkolzin,Forward
5700,24,8480870,Bo Groulx,Forward
5701,24,8481003,Hunter Drew,Defenseman
5703,24,8481530,Brayden Tracey,Forward
5705,24,8481815,Bryce Kindopp,Forward
5707,24,8482150,Jacob Perreault,Forward
5708,24,8482745,Mason McTavish,Forward
5711,24,8480591,Thomas Hodges,Goalie
5712,24,8480843,Lukas Dostal,Goalie
5730,25,8479362,Riley Tufte,Forward
5731,25,8479518,Fredrik Karlstrm,Forward
5735,25,8480216,Jacob Peterson,Forward
5737,25,8480988,Riley Damiani,Forward
5755,26,8478250,Vladimir Tkachev,Forward
5758,26,8479421,Jacob Moverare,Defenseman
5766,26,8480434,Sean Durzi,Defenseman
5769,26,8481239,Samuel Fagemo,Forward
5771,26,8481532,Alex Turcotte,Forward
5774,26,8481606,Jordan Spence,Defenseman
5794,28,8479373,Jonathan Dahlen,Forward
5800,28,8480060,Scott Reedy,Forward
5802,28,8480304,Jayden Halbgewachs,Forward
5803,28,8480847,Ryan Merkley,Defenseman
5804,28,8481061,Jasper Weatherby,Forward
5806,28,8481552,Artemi Kniazev,Defenseman
5807,28,8481701,Santeri Hatakka,Defenseman
5808,28,8482133,Thomas Bordeleau,Forward
5809,28,8482197,Adam Raska,Forward
5811,28,8482667,William Eklund,Forward
5816,28,8479313,Zach Sawchenko,Goalie
5818,29,8476345,Gregory Hofmann,Forward
5833,29,8479941,Justin Danforth,Forward
5837,29,8480292,Carson Meyer,Forward
5838,29,8480441,Trey Fix-Wolansky,Forward
5842,29,8481161,Jake Christiansen,Defenseman
5843,29,8482475,Yegor Chinakhov,Forward
5844,29,8482660,Kent Johnson,Forward
5845,29,8482705,Cole Sillinger,Forward
5846,29,8483565,Nick Blankenburg,Defenseman
5850,29,8480193,Daniil Tarasov,Goalie
5871,30,8479520,Brandon Duhaime,Forward
5872,30,8479972,Mason Shaw,Forward
5874,30,8480980,Connor Dewar,Forward
5875,30,8481489,Jon Lizotte,Defenseman
5876,30,8481550,Adam Beckman,Forward
5877,30,8481557,Matt Boldy,Forward
5878,30,8482079,Marco Rossi,Forward
5899,52,8479591,Michael Eyssimont,Forward
5901,52,8480049,Dylan Samberg,Defenseman
5903,52,8480192,Johnathan Kovacevic,Defenseman
5904,52,8480443,Kristian Reichel,Forward
5905,52,8480990,Declan Chisholm,Defenseman
5908,52,8482149,Cole Perfetti,Forward
5909,52,8482408,Jeff Malott,Forward
5925,53,8478062,Dysin Mayo,Defenseman
5926,53,8478147,Bokondji Imama,Forward
5931,53,8479341,Cam Dineen,Defenseman
5934,53,8479619,Michael Carcone,Forward
5937,53,8480855,Jack McBain,Forward
5939,53,8480979,Nathan Smith,Forward
5941,53,8481609,Vladislav Kolyachonok,Defenseman
5942,53,8481711,Matias Maccelli,Forward
5943,53,8481827,Ben McCartney,Forward
5944,53,8482655,J.J. Moser,Defenseman
5947,53,8478872,Karel Vejmelka,Goalie
5973,54,8479991,Jake Leschyshyn,Forward
5974,54,8480007,Jonas Rondbjerg,Forward
5975,54,8480259,Ben Jones,Forward
5977,54,8481032,Paul Cotter,Forward
5978,54,8481167,Brayden Pachal,Defenseman
5979,54,8481527,Kaedan Korczak,Defenseman
5980,54,8481604,Pavel Dorofeyev,Forward
5981,54,8482624,Daniil Miromanov,Defenseman
6005,55,8482665,Matty Beniers,Forward
6036,1,8482684,Luke Hughes,Defenseman
6060,2,8478450,Parker Wotherspoon,Defenseman
6067,2,8480242,Arnaud Durandeau,Forward
6071,2,8481541,Samuel Bolduc,Defenseman
6072,2,8481601,Simon Holmstrom,Forward
6073,2,8482207,William Dufour,Forward
6074,2,8482691,Aatu Raty,Forward
6106,3,8482157,Will Cuylle,Forward
6130,4,8480245,Olle Lycksell,Forward
6132,4,8480874,Adam Ginning,Defenseman
6136,4,8482159,Tyson Foerster,Forward
6137,4,8482452,Elliot Desnoyers,Forward
6141,4,8481035,Samuel Ersson,Goalie
6169,5,8480836,Jonathan Gruden,Forward
6172,5,8481591,Sam Poulin,Forward
6205,6,8479533,Joona Koppanen,Forward
6209,6,8480880,Jakub Lauko,Forward
6239,7,8481751,Lukas Rousek,Forward
6246,7,8482221,Devon Levi,Goalie
6268,8,8480034,Joel Teasdale,Forward
6276,8,8482081,Sean Farrell,Forward
6277,8,8482087,Kaiden Guhle,Defenseman
6279,8,8482964,Arber Xhekaj,Defenseman
6280,8,8483424,Owen Beck,Forward
6281,8,8483515,Juraj Slafkovsky,Forward
6282,8,8483549,Lucas Condotta,Forward
6308,9,8481422,Jacob Lucchini,Forward
6311,9,8481679,Maxence Guenette,Defenseman
6312,9,8482092,Ridly Greig,Forward
6313,9,8482095,Tyler Kleven,Defenseman
6314,9,8482105,Jake Sanderson,Defenseman
6321,9,8480867,Kevin Mandolese,Goalie
6323,9,8482447,Leevi Merilainen,Goalie
6353,10,8480439,Mac Hollowell,Defenseman
6354,10,8480820,Filip Kral,Defenseman
6356,10,8480977,Semyon Der-Arguchintsev,Forward
6357,10,8480995,Pontus Holmberg,Forward
6361,10,8482259,Bobby McMann,Forward
6363,10,8482720,Matthew Knies,Forward
6423,13,8483641,Anton Levtchi,Forward
6451,14,8480246,Nick Perbix,Defenseman
6453,14,8481043,Cole Koepke,Forward
6483,15,8482861,Vincent Iorio,Defenseman
6499,16,8478224,Luke Philp,Forward
6507,16,8480252,Cole Guttman,Forward
6508,16,8480328,David Gust,Forward
6514,16,8482176,Wyatt Kaiser,Defenseman
6517,16,8483619,Filip Roos,Defenseman
6522,16,8483530,Jaxson Stauber,Goalie
6545,17,8481013,Jonatan Berggren,Forward
6548,17,8481725,Elmer Soderblom,Forward
6550,17,8482762,Simon Edvinsson,Defenseman
6551,17,8483464,Marco Kasper,Forward
6578,18,8481056,Spencer Stastney,Defenseman
6581,18,8481585,Egor Afanasyev,Forward
6582,18,8481704,Juuso Parssinen,Forward
6584,18,8482146,Luke Evangelista,Forward
6585,18,8484256,Jake Livingstone,Defenseman
6588,18,8482137,Yaroslav Askarov,Goalie
6603,19,8479375,William Bitten,Forward
6609,19,8481006,Tyler Tucker,Defenseman
6610,19,8481070,Hugh McGing,Forward
6611,19,8481543,Nikita Alexandrov,Forward
6613,19,8482516,Matthew Kessel,Defenseman
6640,20,8480084,Nick DeSimone,Defenseman
6641,20,8481592,Jakob Pelletier,Forward
6644,20,8482679,Matt Coronato,Forward
6647,20,8481692,Dustin Wolf,Goalie
6668,21,8480032,Shane Bowers,Forward
6675,21,8482147,Jean-Luc Foudy,Forward
6676,21,8482250,Callahan Burke,Forward
6677,21,8482712,Oskar Olausson,Forward
6701,22,8479576,Vincent Desharnais,Defenseman
6704,22,8480468,James Hamblin,Forward
6734,23,8481683,Aidan McDonough,Forward
6735,23,8482496,Nils Aman,Forward
6736,23,8483808,Andrei Kuzmenko,Forward
6737,23,8484254,Akito Hirose,Defenseman
6738,23,8484287,Cole McWard,Defenseman
6742,23,8481668,Arturs Silovs,Goalie
6753,24,8477993,Justin Kirkland,Forward
6767,24,8481563,Drew Helleson,Defenseman
6768,24,8481605,Jackson LaCombe,Defenseman
6769,24,8481754,Nikita Nesterenko,Forward
6772,24,8483630,Pavol Regenda,Forward
6775,24,8480042,Olle Eriksson Ek,Goalie
6787,25,8478028,Fredrik Olofsson,Forward
6800,25,8481712,Matej Blumel,Forward
6801,25,8482740,Wyatt Johnston,Forward
6804,25,8483575,Matt Murray,Goalie
6832,26,8482730,Brandt Clarke,Defenseman
6858,28,8481567,Henry Thrun,Defenseman
6860,28,8482101,Danil Gushchin,Forward
6862,28,8482181,Tristen Robins,Forward
6866,28,8482824,Nick Cicek,Defenseman
6870,28,8480199,Eetu Makiniemi,Goalie
6891,29,8480893,Kirill Marchenko,Forward
6892,29,8481072,Tim Berni,Defenseman
6895,29,8481690,Tyler Angle,Forward
6897,29,8482399,Billy Sweezey,Defenseman
6898,29,8482448,Samuel Knazko,Defenseman
6899,29,8482451,Mikael Pyyhtia,Forward
6904,29,8482711,Stanislav Svozil,Defenseman
6905,29,8483460,David Jiricek,Defenseman
6907,29,8483620,Marcus Bjork,Defenseman
6908,29,8484125,Hunter McKown,Forward
6913,29,8482982,Jet Greaves,Goalie
6933,30,8480267,Sammy Walker,Forward
6934,30,8480275,Nick Swaney,Forward
6937,30,8480994,Damien Giroux,Forward
6941,30,8482122,Brock Faber,Defenseman
6991,53,8480891,Michael Kesselring,Defenseman
6997,53,8482699,Dylan Guenther,Forward
6998,53,8483597,Milos Kelemen,Forward
7031,54,8480238,Jiri Patera,Goalie
7055,55,8483524,Shane Wright,Forward
7056,55,8481789,Tye Kartye,Forward
7174,5,8478854,Ryan Shea,Defenseman
7176,5,8481206,John Ludvig,Defenseman
7202,6,8481556,John Beecher,Forward
7203,6,8482511,Mason Lohrei,Defenseman
7204,6,8483505,Matthew Poitras,Forward
7228,7,8484145,Zach Benson,Forward
7276,9,8484321,Nikolas Matinpalo,Defenseman
7323,13,8482713,Mackie Samoskevich,Forward
7346,13,8484304,Uvis Balinskis,Defenseman
7356,14,8477035,Matt Tomkins,Goalie
7371,14,8484325,Waltteri Merela,Forward
7390,15,8479522,Hardy Haman Aktell,Defenseman
7419,16,8483466,Kevin Korchinski,Defenseman
7420,16,8484144,Connor Bedard,Forward
7466,18,8481743,Marc Del Gaizo,Defenseman
7514,20,8482074,Connor Zary,Forward
7607,24,8483482,Tristan Luneau,Defenseman
7608,24,8483490,Pavel Mintyukov,Defenseman
7609,24,8484153,Leo Carlsson,Forward
7633,26,8481732,Andre Lee,Forward
7655,26,8482155,Alex Laferriere,Forward
7675,28,8480834,Ty Emberson,Defenseman
7699,29,8481716,Dmitri Voronkov,Forward
7703,29,8484166,Adam Fantilli,Forward
7726,30,8482094,Daemon Hunt,Defenseman
7774,53,8483431,Logan Cooley,Forward
